prompt,text,true_model,predicted_model,authorship_result,probabilities,authorship_iterations,verification_iterations,authentic_metrics,contrasting_metrics,weighted_scores,weights
"Describe the process of photosynthesis in plants. Then, explain how this process contributes to the global carbon cycle and its importance in climate regulation.","Photosynthesis is a fundamental biological process that allows plants, algae, and some bacteria to convert light energy into chemical energy stored in the form of glucose. This process occurs primarily in the chloroplasts of plant cells, which contain the pigment chlorophyll. Chlorophyll is essential because it captures light energy from the sun.

The process of photosynthesis can be divided into two main stages: the light-dependent reactions and the light-independent reactions, also known as the Calvin Cycle.

1. **Light-Dependent Reactions**: These reactions take place in the thylakoid membranes of the chloroplasts. When chlorophyll absorbs sunlight, it excites electrons, which are transferred through a series of proteins known as the electron transport chain. This process generates ATP (adenosine triphosphate) and NADPH (nicotinamide adenine dinucleotide phosphate), which are energy carriers. Water molecules are split (photolysis) to release oxygen as a byproduct.

2. **Calvin Cycle (Light-Independent Reactions)**: These reactions occur in the stroma of the chloroplasts. The ATP and NADPH produced in the light-dependent reactions are used to convert carbon dioxide from the atmosphere into glucose. This process involves a series of reactions that fix carbon dioxide into organic molecules, ultimately producing glucose, which plants use as an energy source and as a building block for growth.

**Contribution to the Global Carbon Cycle**:
Photosynthesis plays a critical role in the global carbon cycle by removing carbon dioxide (CO₂) from the atmosphere and incorporating it into organic matter. This process is a primary pathway for carbon entry into the biosphere. The glucose produced by photosynthesis not only fuels plant growth but also supports the entire food web, as plants are primary producers.

Through photosynthesis, large amounts of carbon are sequestered in plant biomass and soils, which helps regulate atmospheric CO₂ levels. When plants and other organisms respire, decompose, or when biomass is burned, carbon is returned to the atmosphere as CO₂, completing the carbon cycle.

**Importance in Climate Regulation**:
Photosynthesis is integral to climate regulation as it directly influences atmospheric CO₂ concentrations, a major greenhouse gas contributing to global warming. By sequestering CO₂, photosynthesis helps mitigate climate change effects. Forests and oceanic phytoplankton are particularly significant in this regard, as they are major carbon sinks.

Moreover, the oxygen released during photosynthesis is crucial for maintaining the atmospheric balance and supporting aerobic life forms. Overall, photosynthesis supports ecological balance, sustains biodiversity, and helps stabilize the Earth's climate by moderating CO₂ levels, thereby playing a vital role in the regulation of the Earth's climate system.",OpenAI,Mistral,Inconclusive,"{'OpenAI': 0.2926250445677992, 'Claude': 0.14779384972775522, 'Gemini': 0.17502433713351975, 'Mistral': 0.3845567685709259}","[{""iteration"": 1, ""text"": ""Photosynthesis is a crucial process where plants, algae, and some bacteria convert light energy into chemical energy as glucose, significantly contributing to the global carbon cycle and climate regulation by sequestering CO\u2082 and releasing oxygen, thereby supporting life and ecological balance.""}, {""iteration"": 2, ""text"": ""Photosynthesis is essential for converting light energy into glucose, playing a vital role in the global carbon cycle and climate regulation by absorbing CO\u2082 and releasing oxygen, thus supporting life and ecological balance.""}, {""iteration"": 3, ""text"": ""Photosynthesis converts light energy into glucose, absorbing CO\u2082 and releasing oxygen, thus playing a crucial role in the global carbon cycle, climate regulation, and supporting life and ecological balance.""}, {""iteration"": 4, ""text"": ""Photosynthesis transforms light energy into glucose while absorbing CO\u2082 and releasing oxygen, essential for the global carbon cycle, climate regulation, and sustaining life and ecological balance.""}, {""iteration"": 5, ""text"": ""Photosynthesis converts light energy into glucose, absorbs CO\u2082, releases oxygen, and is crucial for the carbon cycle, climate regulation, and maintaining life and ecological balance.""}]","[{""authentic_output"": ""Photosynthesis transforms light energy into glucose while absorbing CO\u2082 and releasing oxygen, playing a vital role in the carbon cycle, climate regulation, and sustaining life and ecological balance."", ""contrasting_outputs"": ""{'Claude': 'Photosynthesis is a vital process that transforms light into energy, regulates climate, and sustains life by producing glucose, absorbing carbon dioxide, and releasing oxygen.', 'Gemini': 'Photosynthesis is the essential process of converting light energy into chemical energy (glucose) while absorbing carbon dioxide, releasing oxygen, and sustaining life and ecological balance on Earth.', 'Mistral': 'Photosynthesis converts light energy into glucose, absorbs CO\u2082, releases oxygen, and is vital for life, the carbon cycle, and climate regulation.'}""}]","{""BERTScore"": 0.9783838391304016, ""Cosine Similarity"": 0.6037187398457061, ""ROUGE-L"": 0.7169811320754718, ""BLEU"": 0.6187422345129768, ""METEOR"": 0.7983022508038585, ""Perplexity"": 55.06416320800781}","[{""BERTScore"": 0.9254116415977478, ""Cosine Similarity"": 0.4096165057596029, ""ROUGE-L"": 0.2857142857142857, ""BLEU"": 0.3286043210966225, ""METEOR"": 0.4671349059104161, ""Perplexity"": 22.53809928894043}, {""BERTScore"": 0.9269047379493713, ""Cosine Similarity"": 0.45544704359757016, ""ROUGE-L"": 0.5384615384615384, ""BLEU"": 0.41098896767553017, ""METEOR"": 0.5951469548162244, ""Perplexity"": 26.502487182617188}, {""BERTScore"": 0.984296977519989, ""Cosine Similarity"": 0.8296748871185191, ""ROUGE-L"": 0.782608695652174, ""BLEU"": 0.7644003220701552, ""METEOR"": 0.8175010635417875, ""Perplexity"": 46.780574798583984}]","[[0.26987464724292765, 0.13862518356960515, 0.13018867924528302, 0.09986481499424384, 0.09452035754031686, 0.0], [0.0, 0.0, 0.0, 0.0, 0.0, 0.05], [0.007606798848503743, 0.032731548664523116, 0.07629807692307691, 0.0283566094209907, 0.03653664776621856, 0.03757695644321192], [0.3, 0.3, 0.15, 0.15, 0.1, 0.006273025102642377]]","[0.3, 0.3, 0.15, 0.15, 0.1, 0.05]"
Write a technical report on the latest advancements in autonomous vehicle technology.,"# Technical Report: Latest Advancements in Autonomous Vehicle Technology

## Executive Summary

Autonomous vehicle (AV) technology has seen significant advancements in recent years, driven by innovations in artificial intelligence, sensor technology, and computational power. This report provides an overview of the latest developments in AV technology, including improvements in sensing and perception, advances in decision-making algorithms, and progress in regulatory frameworks. These advancements are paving the way for safer, more efficient, and more accessible transportation systems.

## 1. Introduction

Autonomous vehicles, also known as self-driving cars, are designed to navigate without human intervention. The goal is to create vehicles that can sense their environment, make decisions, and execute actions to reach a destination safely. This report will delve into the recent technological breakthroughs that are bringing us closer to fully autonomous driving.

## 2. Advancements in Sensing and Perception

### 2.1 LiDAR Technology

LiDAR (Light Detection and Ranging) technology has seen significant improvements in resolution, range, and cost. New solid-state LiDAR systems offer higher reliability and lower costs compared to traditional mechanical LiDAR. Companies like Velodyne and Luminar have introduced compact, high-performance LiDAR sensors that can detect objects with greater precision and at longer distances.

### 2.2 Camera and Radar Systems

Advancements in camera technology include the use of high-resolution, wide-angle lenses and improved image processing algorithms. These cameras can now detect and classify objects with greater accuracy, even in low-light conditions. Radar systems have also become more sophisticated, with the ability to track multiple objects simultaneously and provide more accurate distance and velocity measurements.

### 2.3 Fusion of Sensor Data

The integration of data from multiple sensors (LiDAR, cameras, radar, and ultrasonic sensors) is crucial for robust perception. Advanced sensor fusion algorithms combine data from these sensors to create a comprehensive and accurate representation of the vehicle's surroundings. This fusion helps in reducing false positives and improving the overall reliability of the perception system.

## 3. Advances in Decision-Making Algorithms

### 3.1 Machine Learning and Deep Learning

Machine learning and deep learning techniques are increasingly being used in autonomous vehicles to improve decision-making capabilities. Deep neural networks can analyze vast amounts of data to recognize patterns and make predictions. For example, deep learning models can be trained to predict the behavior of other vehicles, pedestrians, and cyclists, enabling the AV to make more informed decisions.

### 3.2 Reinforcement Learning

Reinforcement learning is another area where significant progress has been made. In this approach, the AV learns by interacting with its environment and receiving rewards or penalties based on its actions. This method allows the vehicle to optimize its behavior over time, making it more adaptable to different driving conditions.

### 3.3 Simulation and Testing

Simulation tools have become more sophisticated, allowing for extensive testing of AV algorithms in virtual environments. Advanced simulators can replicate a wide range of driving scenarios, including edge cases, to evaluate the performance and robustness of the AV system. This reduces the need for costly and time-consuming real-world testing.

## 4. Progress in Regulatory Frameworks

### 4.1 Government Initiatives

Governments worldwide are taking steps to facilitate the deployment of autonomous vehicles. For example, the United States has issued guidelines for AV testing and deployment through the National Highway Traffic Safety Administration (NHTSA). Similarly, the European Union is working on a regulatory framework to ensure the safe and efficient integration of AVs into existing transportation systems.

### 4.2 Standardization and Certification

Industry standards and certification processes are being developed to ensure the safety and reliability of autonomous vehicles. Organizations like the Society of Automotive Engineers (SAE) have defined levels of automation, ranging from Level 0 (no automation) to Level 5 (full automation). These standards provide a common framework for evaluating and certifying AV technologies.

## 5. Real-World Applications and Pilot Programs

### 5.1 Ride-Sharing Services

Companies like Waymo and Uber have launched pilot programs for autonomous ride-sharing services in several cities. These programs allow members of the public to experience AV technology firsthand and provide valuable data for further refinement of the systems.

### 5.2 Commercial Trucking

Autonomous trucking has seen significant advancements, with companies like TuSimple and Embark focusing on long-haul freight transportation. These AVs can operate on highways with less variability compared to urban environments, making them a promising early application of the technology.

### 5.3 Public Transportation

Autonomous shuttles and buses are being tested in various cities to improve public transportation. These vehicles can operate in controlled environments such as university campuses or business parks, providing a safer and more predictable setting for AV deployment.

## 6. Challenges and Future Directions

### 6.1 Safety and Reliability

Ensuring the safety and reliability of autonomous vehicles remains a paramount concern. Ongoing research is focused on improving the robustness of perception and decision-making systems, as well as developing fail-safe mechanisms to handle unexpected situations.

### 6.2 Public Acceptance

Building public trust in AV technology is crucial for its widespread adoption. Educational campaigns and transparent communication about the benefits and limitations of AVs can help alleviate public concerns and foster acceptance.

### 6.3 Ethical Considerations

Ethical dilemmas in AV decision-making, such as the famous ""trolley problem,"" are subjects of ongoing debate. Developing ethical guidelines and regulatory frameworks to address these issues is essential for the responsible deployment of AVs.

## 7. Conclusion

The latest advancements in autonomous vehicle technology are bringing us closer to a future where self-driving cars are a common sight on our roads. Improvements in sensing and perception, decision-making algorithms, and regulatory frameworks are paving the way for safer, more efficient, and more accessible transportation systems. However, challenges related to safety, public acceptance, and ethical considerations must be addressed to fully realize the potential of AV technology.

---

This technical report provides a comprehensive overview of the recent developments in autonomous vehicle technology. It highlights the progress made in key areas and discusses the challenges that need to be overcome for the successful deployment of AVs.",Mistral,Mistral,Inconclusive,"{'Mistral': 0.3601279414019099, 'OpenAI': 0.22722159516975907, 'Claude': 0.1320035626266441, 'Gemini': 0.2806469008016869}","[{""iteration"": 1, ""text"": ""The latest advancements in autonomous vehicle technology, driven by improvements in sensing, perception, decision-making algorithms, and regulatory frameworks, are facilitating safer and more efficient transportation systems, although challenges such as safety, public acceptance, and ethical considerations remain.""}, {""iteration"": 2, ""text"": ""The latest advancements in autonomous vehicle technology are enabling safer, more efficient transportation despite ongoing challenges in safety, public acceptance, and ethics.""}, {""iteration"": 3, ""text"": ""The latest advancements in autonomous vehicle technology are enabling safer, more efficient transportation, despite ongoing challenges in safety, public acceptance, and ethics.""}, {""iteration"": 4, ""text"": ""Despite ongoing challenges, the latest advancements in autonomous vehicle technology are enabling safer, more efficient transportation.""}, {""iteration"": 5, ""text"": ""Latest advancements in autonomous vehicle technology are enabling safer, more efficient transportation despite ongoing challenges.""}]","[{""authentic_output"": ""Despite ongoing challenges, the latest advancements in autonomous vehicle technology are enabling safer and more efficient transportation."", ""contrasting_outputs"": ""{'OpenAI': 'Recent advancements in autonomous vehicle technology are improving transportation safety and efficiency, although challenges persist.', 'Claude': 'The text is already a single sentence that summarizes advancements in autonomous vehicle technology, highlighting improved safety and efficiency while acknowledging persistent challenges.', 'Gemini': 'Despite ongoing challenges, advancements in autonomous vehicle technology promise safer and more efficient transportation.'}""}]","{""BERTScore"": 0.9635776281356812, ""Cosine Similarity"": 0.8896791439503305, ""ROUGE-L"": 0.7500000000000001, ""BLEU"": 0.8191422875993866, ""METEOR"": 0.9757986641989217, ""Perplexity"": 35.1270637512207}","[{""BERTScore"": 0.972779393196106, ""Cosine Similarity"": 0.36651307157801527, ""ROUGE-L"": 0.5333333333333333, ""BLEU"": 0.48656488342426235, ""METEOR"": 0.594555177442878, ""Perplexity"": 48.771480560302734}, {""BERTScore"": 0.9132461547851562, ""Cosine Similarity"": 0.20064995690540433, ""ROUGE-L"": 0.3684210526315789, ""BLEU"": 0.2813407324441338, ""METEOR"": 0.48342349840477183, ""Perplexity"": 84.40039825439453}, {""BERTScore"": 0.9599223136901855, ""Cosine Similarity"": 0.7096597996236947, ""ROUGE-L"": 0.6206896551724138, ""BLEU"": 0.708535884537614, ""METEOR"": 0.7957976089844223, ""Perplexity"": 58.81952667236328}]","[[0.2536304492782353, 0.3, 0.15, 0.15, 0.1, 0.05], [0.3, 0.07221600381717776, 0.06482758620689653, 0.057239742711663696, 0.022570528889056043, 0.026242958050041995], [0.0, 0.0, 0.0, 0.0, 0.0, 0.0], [0.23521058227756853, 0.22162044175572862, 0.09916765755053505, 0.1191504044563865, 0.06344229609465042, 0.015677004444388205]]","[0.3, 0.3, 0.15, 0.15, 0.1, 0.05]"
